imdbID,Title,Actors,Genre,Country,Language,Production,Rated,Runtime,Year,imdbRating,Responsibility,popularity2,totalVotes,budget2
tt1174732,An Education, Cara Seymour,Drama,UK,English,Sony Classics,PG-13,100,2009,7.3,memoir,10.691,704,26096852
tt0139462,Message in a Bottle, John Savage,Drama,USA,English,Warner Bros.,PG-13,126,1999,6.2,novel,21.448,373,118880016
tt0277434,We Were Soldiers, Sam Elliott,Action,USA,English,Paramount Pictures,R,138,2002,7.2,book,14.538,846,114660784
tt2361317,Live by Night, Brendan Gleeson,Action,Spain,Spanish,Warner Bros.,R,129,2016,6.4,screenplay,8.066,751,22678555
tt0106519,Carlito's Way, John Leguizamo,Crime,USA,English,MCA Universal Home Video,R,144,1993,7.9,novels,12.644,1423,36516012
tt0091149,The Great Mouse Detective, Susanne Pollatschek,Animation,France,French,Walt Disney Pictures,G,74,1986,7.2,adaptation,33.142,744,38625550
tt2404311,The Family, John D'Leo,Comedy,USA,English,Relativity Media,R,167,2013,6.3,screenplay,12.056,1623,36894225
tt2024469,Non-Stop, Michelle Dockery,Action,UK,English,Universal Pictures,PG-13,106,2014,7,screenplay,12.239,3290,222809600
tt0094678,Arthur 2: On the Rocks, Geraldine Fitzgerald,Comedy,USA,English,Warner Bros.,PG,113,1988,4.3,characters,5.252,64,14681192
tt0086993,The Bounty, Edward Fox,Action,UK,English,MGM,PG,132,1984,7.1,book,8.415,205,8613462
tt1961175,American Assassin, Chris Webster,Action,USA,English,Lionsgate ,R,177,2017,4.6,screenplay,13.803,1572,66167951
tt0084917,The World According to Garp, John Lithgow,Comedy,USA,English,Warner Bros.,R,136,1982,7.2,novel,7.816,141,29712172
tt0116136,DragonHeart, Dina Meyer,Action,USA,English,MCA Universal Home Video,PG-13,103,1996,6.4,story,44,1019,115267375
tt0118829,Cats Don't Dance, Ashley Peldon,Animation,USA,English,Warner Bros.,G,75,1997,6.9,story,6.293,53,3566637
tt0101921,Fried Green Tomatoes, Jessica Tandy,Drama,USA,English,Universal Pictures,PG-13,130,1991,7.7,novel,9.361,608,119418501
tt0114108,The Pebble and the Penguin, Tim Curry,Animation,USA,English,MGM,G,74,1995,5.6,screenplay,4.09,51,3983912
tt0257106,Scary Movie 2, Suzanne Bianqui,Comedy,Canada,English,Dimension Films,R,83,2001,5.3,characters,17.886,2196,141220678
tt0119640,McHale's Navy, David Alan Grier,Action,USA,English,Universal Pictures,PG,205,1997,4.4,story,2.718,37,4529843
tt0486583,Fred Claus, Miranda Richardson,Comedy,USA,English,Warner Bros.,PG,116,2007,5.6,screenplay,28.882,405,97838349
tt0118617,Anastasia, Christopher Lloyd,Animation,USA,English,20th Century Fox,G,94,1997,7.1,screenplay,15.257,3029,139804348
tt0122541,An Ideal Husband, Cate Blanchett,Comedy,UK,English,Miramax Films,PG-13,97,1999,6.9,play,6.856,91,18535191
tt0099044,Another 48 Hrs., Kevin Tighe,Action,USA,English,Paramount Home Video,R,93,1990,5.8,characters,9.525,337,153518974
tt2909116,Wolf Totem, Zhusheng Yin,Adventure,China,Mandarin,Sony Pictures,PG-13,121,2015,5.5,book,7.434,211,123205624
tt1449283,Winnie the Pooh, Craig Ferguson,Animation,USA,English,Walt Disney Pictures,G,63,2011,7.2,story,46.77,439,14460000
tt0108000,Ruby in Paradise, Allison Dean,Drama,USA,English,October Films,R,114,1993,3.9,book,1.327,12,1001437
tt1714203,Piranha 3DD, Jean-Luc Bilodeau,Comedy,USA,English,The Weinstein Co.,R,83,2012,3.8,characters,26.727,498,8493728
tt0134084,Scream 3, Kelly Rutherford,Horror,USA,English,Dimension Films,R,190,2000,5.5,characters,10.111,1400,161834276
tt1600196,The Drop, Matthias Schoenaerts,Crime,USA,English,Fox Searchlight,R,186,2014,7.1,screenplay,17.104,1205,19054534
tt0327084,Over the Hedge, Wanda Sykes,Animation,USA,English,Dreamworks,PG,83,2006,5.6,screenplay,15.43,2260,343397247
tt1305591,Mars Needs Moms, Elisabeth Harnois,Animation,USA,English,Walt Disney Pictures,PG,88,2011,5.4,screenplay,8.327,293,38992758
tt0219653,Dracula 2000, Justine Waddell,Action,USA,English,Miramax,R,99,2000,4.9,story,28.987,275,33000337
tt0279111,Gods and Generals, Keith Allison,Biography,USA,English,Warner Bros.,PG-13,219,2003,6.3,book,6.48,78,12923936
tt0462396,The Last Legion, Peter Mullan,Action,UK,English,The Weinstein Co.,PG-13,188,2007,5.4,screenplay,32.748,393,25303038
tt1554091,A Better Life, José Julián,Drama,USA,English,Summit Entertainment,PG-13,98,2011,7.2,screenplay,4.537,95,1759252
tt0108517,Warlock: The Armageddon, Joanna Pacula,Action,USA,English,Republic Pictures Home Video,R,98,1993,5.4,characters,55,56,3902679
tt1592525,Lockout, Joseph Gilgun,Action,France,French,FilmDistrict,PG-13,95,2012,7.4,screenplay,11.109,993,32204030
tt0085891,The Man Who Loved Women, Marilu Henner,Comedy,USA,English,Sony Pictures Entertainment,R,215,1983,5.1,screenplay,1.305,13,11000000
tt2296935,The Legend of Sarila, Tim Rozon,Animation,Canada,English,Phase 4 Films,TV-G,80,2013,5.1,english adaptation,2.987,13,15000000
tt0382628,Dark Water, Dougray Scott,Drama,USA,English,Buena Vista,PG-13,105,2005,5.6,novel,10.016,463,25473093
tt0463872,Asterix at the Olympic Games, Alain Delon,Adventure,Italy,French,Pathé Distribution,NOT RATED,222,2008,5.1,comic,69,79,1123311
tt2980516,The Theory of Everything, Sophie Perry,Biography,Japan,Japanese,Focus Features,PG-13,123,2014,7.7,screenplay,13.671,6320,123726688
tt1621045,Think Like a Man, Regina Hall,Comedy,USA,English,Sony Pictures Entertainment,PG-13,122,2012,7.9,screenplay,23.824,435,96070507
tt0192731,Urban Legends: Final Cut, Loretta Devine,Horror,France,English,Sony Pictures Entertainment,R,97,2000,4.2,characters,7.62,199,38574362
tt0091671,From a Whisper to a Scream, Harry Caesar,Action,USA,English,Conquest Entertainment,R,99,1987,6,story,2.134,28,1400000
tt0762114,License to Wed, Eric Christian Olsen,Comedy,Australia,English,Warner Bros.,PG-13,91,2007,5.3,screenplay,44.56,496,69307224
tt0473705,State of Play, Helen Mirren,Action,France,French,Universal Pictures,PG-13,165,2009,7.1,screenplay,11.077,810,87784194
tt3544112,Sing Street, Jack Reynor,Comedy,Ireland,Latin,Likely Story,PG-13,106,2016,8,story,9.931,1185,13624522
tt0160484,Lost Souls, Philip Baker Hall,Drama,USA,English,New Line Cinema,R,97,2000,4.8,story,5.574,70,31355910
tt2091256,Captain Underpants: The First Epic Movie, Thomas Middleditch,Animation,India,English,20th Century Fox,PG,89,2017,4.6,screenplay,12.349,572,125289450
tt0099991,The Last of the Finest, Bill Paxton,Action,USA,English,Orion Home Video,R,106,1990,5.6,story,4.018,9,1531489
tt0105824,Wind, Jack Thompson,Action,Japan,English,Sony Pictures Entertainment,PG-13,126,1992,6.5,story,2.498,11,5519569
tt0430922,Role Models, Bobb'e J. Thompson,Comedy,Germany,English,Universal Pictures,R,99,2008,6.9,story,75.66,894,92380927
tt0372183,The Bourne Supremacy, Julia Stiles,Action,Germany,German,Universal Pictures,PG-13,108,2004,7.8,novel,17.464,4300,288500217
tt1921064,Pompeii, Adewale Akinnuoye-Agbaje,Action,Canada,English,Sony Pictures,PG-13,105,2014,5.5,screenplay,62.5,2037,117831631
tt0220506,Halloween: Resurrection, Bianca Kajlich,Comedy,USA,English,Dimension Films,R,94,2002,4.1,characters,67.55,477,37664855
tt0108395,A Troll in Central Park, Jonathan Pryce,Animation,Ireland,English,Warner Bros.,G,76,1994,5.4,screenplay,7.393,66,71368
tt0441773,Kung Fu Panda, Ian McShane,Animation,USA,English,Paramount Pictures,PG,92,2008,7.6,screenplay,23.017,5993,631744560
tt0044030,Show Boat, Joe E. Brown,Drama,USA,English,MGM,APPROVED,108,1951,7,screenplay,4.157,30,11000000
tt0112864,Die Hard with a Vengeance, Graham Greene,Action,USA,English,Twentieth Century Fox Home Entertainment,R,128,1995,7.6,characters,18.485,3210,366101666
tt0077572,Force 10 from Navarone, Edward Fox,Action,UK,Croatian,Columbia Pictures,PG,118,1978,3.6,novel,42.47,139,7230000
tt1826590,About Last Night, Joy Bryant,Comedy,USA,English,Sony Pictures,R,100,2014,6.1,screenplay,6.296,306,49002684
tt1976009,Victor Frankenstein, James McAvoy,Drama,Canada,English,20th Century Fox,PG-13,110,2015,6,screenplay,8.903,1180,34227298
tt1068646,The Class, Arthur Fogel,Drama,France,French,Sony Pictures Classics,PG-13,128,2008,7.5,scenario,5.623,305,28814580
tt0100944,The Witches, Rowan Atkinson,Adventure,UK,English,Warner Bros.,PG,91,1990,6.8,book,8.373,406,15360553
tt0800320,Clash of the Titans, Jason Flemyng,Action,USA,English,Warner Bros.,PG-13,106,2010,5.8,screenplay,16.275,3650,232713139
tt0109506,The Crow, Michael Wincott,Action,USA,English,Lionsgate ,R,102,1994,7.6,comic ,12.974,1770,94000000
tt0102782,Return to the Blue Lagoon, Courtney Barilla,Adventure,USA,English,Sony Pictures Entertainment,PG-13,102,1991,5.1,book,68.99,323,2807854
tt3659388,The Martian, Jeff Daniels,Adventure,China,Mandarin,20th Century Fox,PG-13,144,2015,8,screenplay,26.137,12011,630161890
tt0924129,Crossing Over, Jim Sturgess,Crime,USA,English,The Weinstein Co.,R,113,2009,6.8,screenplay,9.233,168,1037335
tt1430626,The Pirates! Band of Misfits, David Tennant,Animation,UK,English,Sony Pictures,PG,88,2012,6.7,book,12.295,563,118338361
tt0105219,Rapid Fire, Raymond J. Barry,Action,USA,English,Twentieth Century Fox Home Entertainment,R,95,1992,6.3,story,57.88,70,14356479
tt0367882,Indiana Jones and the Kingdom of the Crystal Skull, Shia LaBeouf,Action,USA,English,Paramount Pictures,PG-13,122,2008,6.2,screenplay,20.439,4369,786636033
tt0810819,The Danish Girl, Adrian Schiller,Biography,Belgium,German,Focus Features,R,119,2015,7.1,book,10.645,3592,64191523
tt0120032,Romy and Michele's High School Reunion, Alan Cumming,Comedy,USA,English,Touchstone Pictures,R,92,1997,6.2,play,27.167,251,29235353
tt0094964,Dead Ringers, Barbara Gordon,Drama,USA,English,Media Home Entertainment,R,116,1988,7.3,book,10.221,331,8038508
tt1876451,Sparkle, Mike Epps,Drama,USA,English,Sony Pictures,PG-13,116,2012,5.7,screenplay,3.379,52,24637469
tt0101414,Beauty and the Beast, Angela Lansbury,Animation,France,French,Buena Vista,G,84,1991,8,screenplay,23.184,5607,377350553
tt2527336,Star Wars: The Last Jedi, Daisy Ridley,Action,USA,English,Walt Disney Pictures,PG-13,152,2017,7.4,characters,33.091,8362,1332459537
tt0102004,The Hard Way, Annabella Sciorra,Action,USA,English,MCA Universal Home Video,R,111,1991,6.3,story,11.432,177,65595485
tt0970468,Miss Pettigrew Lives for a Day, Christina Cole,Comedy,UK,English,Focus Features,PG-13,92,2008,7.1,screenplay,8.36,172,16724933
tt0163978,The Beach, Virginie Ledoyen,Adventure,UK,English,20th Century Fox,R,119,2000,6.6,screenplay,58.7,2307,144056873
tt0409847,Cowboys & Aliens, Matthew Taylor,Action,USA,English,Universal Pictures,PG-13,119,2011,6,screenplay,15.641,3058,174822325
tt0086927,Bachelor Party, George Grizzard,Comedy,USA,English,Twentieth Century Fox Home Entertainment,R,105,1984,6.3,story,11.24,250,38435947
tt0395972,North Country, Frances McDormand,Drama,USA,English,Warner Bros.,R,126,2005,7.3,screenplay,23.977,246,25224242
tt0069113,The Poseidon Adventure, Carol Lynley,Action,USA,English,20th Century Fox,PG,117,1972,7.1,novel,9.995,386,84563118
tt2372222,Kick, Randeep Hooda,Action,India,Hindi,UTV Communications,NOT RATED,146,2014,5.4,story,4.158,68,55000000
tt1220628,I Hope They Serve Beer in Hell, Yvette Yates,Comedy,USA,English,Freestyle Releasing,R,197,2009,5.3,novel,3.946,35,1429299
tt1441395,Under the Skin, Dougie McConnell,Drama,Poland,English,A24,R,108,2013,6.3,book,12.172,1760,5380251
tt0780504,Drive, Albert Brooks,Crime,Spain,Spanish,FilmDistrict,R,100,2011,7.8,screenplay,13.96,6628,78054825
tt0059825,The Train, Suzanne Flon,Thriller,France,French,United Artists,NOT RATED,133,1964,7.9,story,7.12,103,6800000
tt4287320,The Circle, Bill Paxton,Drama,USA,English,EuropaCorp / STXfilms,PG-13,165,2017,5.3,screenplay,10.617,2651,20497844
tt0249478,Domestic Disturbance, Debra Mooney,Crime,USA,English,Paramount Pictures,PG-13,89,2001,5.5,story,7.615,180,54249294
tt0134119,The Talented Mr. Ripley, Cate Blanchett,Crime,Italy,Italian,Paramount Pictures,R,139,1999,7.4,novel,12.086,1344,128798265
tt0080436,Battle Creek Brawl, Mako,Action,USA,English,Golden Harvest Company,R,95,1980,5.8,screenplay,4.956,52,854
tt3766394,"Hello, My Name Is Doris", Stephen Root,Comedy,USA,English,Red Crown Productions,R,90,2015,6.6,screenplay,9.499,260,14444999
tt0099472,DuckTales the Movie: Treasure of the Lost Lamp, Richard Libertini,Animation,France,English,Walt Disney Pictures,G,74,1990,6.9,screenplay,10.33,390,18115724
tt2395427,Avengers: Age of Ultron, Chris Evans,Action,USA,English,Walt Disney Pictures,PG-13,141,2015,7.4,characters,85.677,13109,1405403694
tt1051904,Goosebumps, Ryan Lee,Adventure,Australia,English,Sony Pictures,PG,103,2015,6.3,screenplay,29.439,2090,158162788
tt0114663,Three Wishes, Seth Mumy,Drama,USA,English,HBO Video,PG,115,1995,6.2,story,2.312,33,7025496
tt0288477,Ghost Ship, Desmond Harrington,Horror,Spain,Spanish,Warner Bros.,R,91,2002,5.5,story,9.671,970,68349884
tt1007029,The Iron Lady, Alice da Cunha,Biography,France,English,The Weinstein Co.,PG-13,105,2011,6.4,screenplay,9.079,888,114956699
tt0337692,On the Road, Amy Adams,Adventure,France,French,IFC Films/Sundance Selects,R,124,2012,6.1,book,8.534,512,8784318
tt0120891,Wild Wild West, Salma Hayek,Action,USA,English,Warner Bros.,PG-13,106,1999,4.8,story,11.743,1748,222104681
tt1148204,Orphan, CCH Pounder,Horror,Germany,German,Warner Bros.,R,205,2009,7,screenplay,13.287,2461,41596251
tt1972571,A Most Wanted Man, Mehdi Dehbi,Crime,UK,English,Lionsgate ,R,122,2014,6.8,screenplay,11.164,779,31554855
tt0376108,Rebound, Horatio Sanz,Comedy,USA,English,20th Century Fox,PG,86,2005,5.1,story,8.827,150,16809014
tt0200027,Riding in Cars with Boys, Brittany Murphy,Biography,USA,English,Columbia Pictures,PG-13,132,2001,6.5,book,6.316,199,35743308
tt1002563,The Young Messiah, Finn Ireland,Drama,USA,English,Focus Features,PG-13,111,2016,5.5,novel,2.974,49,6490401
tt1615065,Savages, Jana Banker,Crime,USA,English,Universal Pictures,R,131,2012,6.5,screenplay,9.673,1225,82966152
tt2103281,Dawn of the Planet of the Apes, Keri Russell,Action,Canada,English,20th Century Fox,PG-13,130,2014,7.6,characters,27.731,6983,710644566
tt1436562,Rio, Leslie Mann,Animation,USA,English,20th Century Fox,G,96,2011,6.9,story,16.978,3656,484635760
tt0113189,GoldenEye, Famke Janssen,Action,UK,English,MGM,PG-13,130,1995,7.2,characters,21.54,1928,352194034
tt0350258,Ray, Clifton Powell,Biography,USA,English,Universal Pictures,PG-13,152,2004,7.7,story,10.872,826,124731534
tt0134983,Supernova, Lou Diamond Phillips,Horror,Switzerland,English,MGM,PG-13,90,2000,4.8,story,9.788,160,14828081
tt1340800,Tinker Tailor Soldier Spy, Péter Kálloy Molnár,Drama,France,French,Focus Features,R,122,2011,7.1,screenplay,12.036,1384,80630608
tt0103671,American Me, Dyana Ortelli,Biography,USA,English,MCA Universal Home Video,R,125,1992,7.2,story,6.682,59,134450
tt0119643,Meet Joe Black, Jake Weber,Drama,USA,English,Universal Pictures,PG-13,178,1998,7.2,screenplay,11.486,2180,142940100
tt2446042,Taken 3, Maggie Grace,Action,Russia,Russian,20th Century Fox,PG-13,108,2014,6,characters,24.515,3360,325771424
tt1602620,Amour, Alexandre Tharaud,Drama,France,French,Sony Pictures Classics,PG-13,127,2012,7.9,screenplay,7.826,725,29844753
tt3425034,Fasten Your Seatbelts, Carolina Crescentini,Comedy,Italy,Italian,01 Distribution,TV-Y,110,2014,6.5,story,6.956,144,5260000
tt0493464,Wanted, Terence Stamp,Action,Germany,English,Universal Pictures,R,110,2008,6.7,screenplay,16.585,4095,258270008
tt1646971,How to Train Your Dragon 2, Craig Ferguson,Animation,USA,English,20th Century Fox,PG,102,2014,7.8,book,25.204,5470,609123048
tt3896198,Guardians of the Galaxy Vol. 2, Vin Diesel,Action,New Zealand,English,Walt Disney Pictures,PG-13,136,2017,7.7,characters,82.519,12218,863756051
tt0124298,Blast from the Past, Sissy Spacek,Comedy,USA,English,New Line Cinema,PG-13,112,1999,6.6,story,9.56,406,40263020
tt0758730,Aliens vs. Predator: Requiem, Johnny Lewis,Action,USA,English,20th Century Fox,R,94,2007,4.7,characters,13.866,1259,41797066
tt0192255,The Little Vampire, Alice Krige,Adventure,Germany,English,New Line Cinema,PG,95,2000,5.8,novel,7.279,159,13555988
tt0119951,Private Parts, Fred Norris,Biography,USA,English,Warner Bros.,R,109,1997,6.8,book,7.932,161,41230799
tt0988047,Traitor, Neal McDonough,Action,USA,English,Overture Films,PG-13,114,2008,7,screenplay,24.976,321,23530831
tt1392197,Marmaduke, Christopher Mintz-Plasse,Comedy,USA,English,20th Century Fox,PG,87,2010,4.2,comic,10.858,355,83761844
tt1606389,The Vow, Sam Neill,Drama,Germany,English,Sony Pictures,PG-13,104,2012,6.8,screenplay,13.773,2367,196114570
tt0330373,Harry Potter and the Goblet of Fire, Daniel Radcliffe,Adventure,France,English,Warner Bros.,PG-13,157,2005,7.7,screenplay,31.101,10900,895921036
tt0082158,Chariots of Fire, Ben Cross,Biography,France,French,20th Century Fox,PG,125,1981,7.2,screenplay,25.144,369,58972904
tt1582507,House at the End of the Street, Gil Bellows,Drama,USA,English,Relativity Media,PG-13,101,2012,5.6,screenplay,8.841,1009,44287131
tt2262227,The Book of Life, Ron Perlman,Animation,Spain,Spanish,20th Century Fox,PG,95,2014,7.3,screenplay,13.186,1207,97437106
tt1250777,Kick-Ass, Deborah Twiss,Action,UK,English,Lionsgate,R,117,2010,7.6,screenplay,11.978,7429,96188903
tt1226273,Edge of Darkness, Bojana Novakovic,Crime,UK,English,Warner Bros.,R,117,2010,6.6,screenplay,11.969,782,74901339
tt0898367,The Road, Guy Pearce,Adventure,USA,English,The Weinstein Co.,R,111,2009,7.3,novel,11.344,1836,27635305
tt2120120,Pixels, Peter Dinklage,Action,Canada,English,Sony Pictures,PG-13,105,2015,5.6,screenplay,17.63,4372,243637091
tt0244000,American Outlaws, Gabriel Macht,Action,USA,English,Warner Bros.,PG-13,94,2001,6,story,6.393,97,13678913
tt2528814,God's Not Dead, Dean Cain,Drama,USA,English,Pure Flix Entertainment,PG,113,2014,4.8,story,7.804,489,29789000
tt0104321,"Gas, Food Lodging", James Brolin,Drama,USA,English,Sony Pictures Entertainment,R,101,1992,6.7,novel,3.412,18,1345236
tt0438097,Ice Age: The Meltdown, Seann William Scott,Animation,USA,English,20th Century Fox,PG,91,2006,6.8,screenplay,17.425,5678,660940780
tt2333784,The Expendables 3, Arnold Schwarzenegger,Action,Bulgaria,English,Lionsgate ,PG-13,126,2014,6.1,screenplay,13.344,2826,206172544
tt0099005,Air America, Ken Jenkins,Action,USA,English,Live Home Video,R,113,1990,5.7,book,9.93,238,33461269
tt0114296,Roommates, Ellen Burstyn,Comedy,USA,English,Buena Vista,PG,108,1995,6.4,short story,3.269,12,12400000
tt0120399,U Turn, Richard Rutowski,Crime,France,English,Sony Pictures Entertainment,R,125,1997,6.8,screenplay,29.425,303,6682098
tt1524575,The Vatican Tapes, Michael Peña,Horror,USA,English,Pantelion Films,PG-13,91,2015,5,screenplay,8.17,360,1784763
tt1192628,Rango, Ned Beatty,Animation,USA,English,Paramount Pictures,PG,107,2011,7.2,story,11.59,3344,65560000
tt0268380,Ice Age, Goran Visnjic,Animation,USA,English,20th Century Fox,PG,81,2002,7.5,story,22.172,7369,383257136
tt0073802,Three Days of the Condor, Max von Sydow,Mystery,France,French,Paramount Home Video,R,117,1975,7.5,novel,23.626,455,27476252
tt0250371,The Other Side of Heaven, Nathaniel Lees,Adventure,USA,English,Excel Entertainmen,PG,113,2001,6.5,book,2.233,25,4720371
tt3521164,Moana, Temuera Morrison,Animation,USA,English,Walt Disney Pictures,PG,107,2016,7.6,screenplay,4.715,6812,695331111
tt1825683,Black Panther, Danai Gurira,Action,USA,English,Marvel Studios,PG-13,134,2018,7.8,characters,92.593,11996,1346739107
tt0357507,Boogeyman, Tory Mussett,Drama,Germany,English,Screen Gems,PG-13,89,2005,4.2,story,7.337,338,67192859
tt1614989,Headhunters, Eivind Sander,Crime,Germany,German,Magnolia Pictures,R,96,2011,7.6,screenplay,8.521,597,15699707
tt0117665,Sleepers, Ron Eldard,Crime,USA,English,Warner Bros.,R,147,1996,7.6,book,11.747,1386,165615285
tt0462519,School for Scoundrels, Michael Clarke Duncan,Comedy,USA,English,MGM,PG-13,100,2006,5.9,screenplay,8.519,171,17807569
tt0960731,Bedtime Stories, Russell Brand,Comedy,USA,English,Walt Disney Pictures,PG,99,2008,6.1,screenplay,10.007,1638,212874442
tt0107497,Malice, Bebe Neuwirth,Crime,Canada,English,Sony Pictures Entertainment,R,107,1993,6.4,story,9.15,180,46405336
tt0775539,Stomp the Yard, Darrin Dewitt Henson,Drama,USA,English,Screen Gems,PG-13,109,2007,5.3,screenplay,8.444,164,75511123
tt0790736,R.I.P.D., Mary-Louise Parker,Action,USA,English,Universal Pictures,PG-13,96,2013,5.6,screenplay,16.162,2012,61648500
tt1291584,Warrior, Jennifer Morrison,Drama,Spain,Spanish,Lionsgate,PG-13,140,2011,8.2,screenplay,12.9,2147,23057115
tt0775489,The Illusionist, Raymond Mearns,Animation,France,French,Sony Pictures Classics,PG,80,2010,7.5,adaptation,21.708,272,6007194
tt1131724,2:22, Maeve Dermody,Thriller,Australia,English,Magnolia Pictures,PG-13,98,2017,5.7,screenplay,11.018,793,3500000
tt0120703,How Stella Got Her Groove Back, Regina King,Comedy,USA,English,20th Century Fox,R,124,1998,5.6,novel,3.03,42,37672350
tt0119668,Midnight in the Garden of Good and Evil, Irma P. Hall,Crime,France,French,Warner Bros.,R,155,1997,6.6,book,8.745,276,25105255
tt0878804,The Blind Side, Jae Head,Biography,USA,English,Warner Bros.,PG-13,129,2009,7.7,book,12.059,2772,309208309
tt0119592,Mad City, Alan Alda,Crime,USA,English,Warner Bros.,PG-13,115,1997,6.2,screenplay,9.87,130,10541523
tt0106246,Alive, Bruce Ramsay,Adventure,Canada,English,Buena Vista,R,120,1993,7.1,book,7.214,647,36733909
tt1655420,My Week with Marilyn, Kenneth Branagh,Biography,UK,English,The Weinstein Co.,R,99,2011,7,screenplay,12.271,724,35057696
tt0120185,Spice World, Geri Horner,Comedy,UK,English,Sony Pictures Entertainment,PG,93,1997,3.4,idea,7.251,219,100000000
tt2333804,The Zero Theorem, Ray Cooper,Comedy,UK,English,Amplify Releasing,R,107,2013,6.1,screenplay,9.33,610,770706
tt0099088,Back to the Future Part III, Thomas F. Wilson,Adventure,USA,English,MCA Universal Home Video,PG,118,1990,7.4,characters,10.315,5352,244527583
tt0429591,Aquamarine, Jake McDorman,Comedy,USA,English,20th Century Fox,PG,104,2006,5.3,screenplay,10.223,766,23006849
tt0118661,The Avengers, Patrick Macnee,Action,USA,English,Warner Bros.,PG-13,89,1998,3.7,series,9.11,330,48585416
tt0170016,How the Grinch Stole Christmas, Jeffrey Tambor,Comedy,Germany,German,Universal Pictures,PG,104,2000,6.1,book,16.892,3538,345141403
tt1634122,Johnny English Reborn, Togo Igawa,Action,USA,English,Universal Pictures,PG,101,2011,6.3,screenplay,12.193,1767,160078586
tt0277296,The Scorpion King, Kelly Hu,Action,Germany,English,Universal Pictures,PG-13,92,2002,5.5,story,18.314,1603,165333180
tt1077368,Dark Shadows, Eva Green,Comedy,Australia,English,Warner Bros.,PG-13,113,2012,6.2,screenplay,16.116,4117,245527149
tt0420251,Three... Extremes, Meme Tian,Horror,Japan,Japanese,Lionsgate,R,125,2004,7,segment,5.83,138,176532
tt0947810,Green Zone, Aymen Hamdouchi,Action,Spain,Spanish,Universal Pictures,R,115,2010,6.8,book,11.285,1160,94882889
tt0339291,A Series of Unfortunate Events, Kara Hoffman,Adventure,Germany,English,Paramount Pictures,PG,108,2004,6.8,screenplay,14.487,2926,209073645
tt0246460,Die Another Day, Rosamund Pike,Action,UK,English,MGM,PG-13,133,2002,6.1,characters,19.222,1817,431971116
tt1714866,Midnight's Children, Neha Mahajan,Drama,Canada,English,Paladin Films,TV-14,146,2012,6.2,screenplay,2.617,20,884100
tt0489099,Jumper, Diane Lane,Action,China,Mandarin,20th Century Fox,PG-13,88,2008,6.1,screenplay,11.525,3129,222231186
tt0463854,28 Weeks Later, Harold Perrineau,Drama,UK,English,Fox Atomic,R,100,2007,7,screenplay,16.024,2127,64238440
tt6644200,A Quiet Place, Millicent Simmonds,Drama,USA,English,Paramount Pictures,TV-Y,95,2018,8.7,screenplay,28.893,5675,340677200
tt2191701,Grown Ups 2, David Spade,Comedy,USA,English,Sony Pictures,PG-13,101,2013,5.4,characters,13.685,2049,246984278
tt1397514,Journey 2: The Mysterious Island, Luis Guzmán,Action,USA,English,New Line Cinema,PG,94,2012,5.8,screenplay,13.851,2105,355692760
tt0372784,Batman Begins, Katie Holmes,Action,China,Mandarin,Warner Bros.,PG-13,140,2005,8.3,characters,50.465,11963,374218673
tt0462499,Rambo, Graham McTavish,Action,Germany,German,Lionsgate,R,92,2008,7,characters,19.661,1688,45322100
tt3315342,Logan, Boyd Holbrook,Action,Spain,Spanish,20th Century Fox,R,137,2017,8.1,short story,73.876,12101,616801808
tt0160009,The Art of War, Marie Matiko,Action,USA,English,Warner Bros.,R,117,2000,5.7,story,8.108,226,30199105
tt1542344,127 Hours, Sean Bott,Adventure,France,Italian,Fox Searchlight,R,94,2010,7.6,screenplay,11.484,4387,35692920
tt1487118,Chalet Girl, Bill Bailey,Comedy,UK,English,IFC Films,R,97,2011,6.3,screenplay,26.96,364,1749457
tt1714206,The Spectacular Now, Masam Holden,Comedy,USA,English,A24,R,95,2013,7.1,screenplay,10.938,1768,6854611
tt0109403,Chasers, Crispin Glover,Comedy,USA,English,Warner Bros.,R,102,1994,5,story,6.15,44,1596687
tt1139328,The Ghost Writer, Jim Belushi,Drama,France,English,Summit Entertainment,PG-13,128,2010,7.2,screenplay,9.953,1119,60222298
tt0100680,Stanley & Iris, Martha Plimpton,Drama,USA,English,MGM,PG-13,104,1990,6.3,novel,3.419,54,5820015
tt1024648,Argo, John Goodman,Biography,USA,English,Warner Bros.,R,120,2012,7.7,screenplay,14.688,5057,232324128
tt0111280,Star Trek: Generations, LeVar Burton,Action,USA,English,Paramount Pictures,PG,118,1994,6.6,series,6.975,655,120000000
tt1496422,The Paperboy, John Cusack,Crime,USA,English,Millenium Films,R,107,2012,5.8,screenplay,26.989,397,1353868
tt1171222,Baggage Claim, Boris Kodjoe,Comedy,USA,English,Fox Searchlight,PG-13,96,2013,5.1,screenplay,7.955,126,22456509
tt0109830,Forrest Gump, Michael Conner Humphreys,Drama,USA,English,Paramount Pictures,PG-13,142,1994,8.8,novel,27.306,14516,677945399
tt0123987,Madeline, Ben Daniels,Comedy,France,French,Columbia Pictures,PG,88,1998,6,book,5.97,114,30000000
tt1700845,The Invisible Woman, Susanna Hislop,Biography,UK,English,Sony Pictures Classics,R,111,2013,6.1,book,6.941,111,1234254
tt0099365,Darkman, Larry Drake,Action,USA,English,Universal Pictures,R,96,1990,6.4,story,10.495,563,48878502
tt0110944,Rapa Nui, Eru Potaka Dewes,Action,USA,English,Warner Bros.,R,107,1994,6.4,story,3.909,67,305070
tt0164912,Stuart Little, Jonathan Lipnicki,Adventure,Germany,Dutch,Columbia Pictures,PG,84,1999,5.9,book,13.061,2193,300135367
tt3172532,The Diary of a Teenage Girl, Abby Wait,Drama,USA,English,Sony Pictures Classics,R,102,2015,6.9,novel,7.533,457,1477002
tt0183659,Pollock, Marcia Gay Harden,Biography,USA,English,Sony Pictures Classics,R,122,2000,7,book,6.4,142,345556
tt0382625,The Da Vinci Code, Jean Reno,Mystery,UK,English,Sony Pictures,PG-13,149,2006,6.6,screenplay,17.841,5020,767820459
tt0816462,Conan the Barbarian, Ron Perlman,Action,USA,English,Lionsgate,R,113,2011,5.2,characters,14.844,1005,48795021
tt0099700,Gremlins 2: The New Batch, Robert Prosky,Comedy,USA,English,Warner Bros.,PG-13,106,1990,6.3,characters,13.379,1215,41482207
tt1183251,Beyond a Reasonable Doubt, Joel David Moore,Crime,Saudi Arabia,English,Anchor Bay Films,PG-13,106,2009,5.9,screenplay,6.635,135,4388563
tt1562568,Higher Ground, Vera Farmiga,Drama,USA,English,Sony Pictures Classics,R,109,2011,6.3,screenplay,2.733,21,841733
tt1201607,Harry Potter and the Deathly Hallows: Part 2, Daniel Radcliffe,Adventure,UK,English,Warner Bros.,PG-13,130,2011,8.1,screenplay,37.939,11344,1342000000
tt1045772,I Love You Phillip Morris, Rodrigo Santoro,Biography,France,English,Roadside Attractions,R,98,2009,6.6,book,8.743,856,20722843
tt1659337,The Perks of Being a Wallflower, Patrick de Ledebur,Drama,USA,English,Lionsgate ,PG-13,102,2012,8,screenplay,18.452,5829,33400000
tt1411704,Hop, Hank Azaria,Animation,USA,English,Universal Pictures,PG,95,2011,5.5,screenplay,11.023,594,183953723
tt1411250,Riddick, Katee Sackhoff,Action,USA,English,Universal Classics,R,119,2013,6.4,characters,16.482,2820,98337295
tt0790628,The Incredible Burt Wonderstone, Jim Carrey,Adventure,USA,English,Warner Bros.,PG-13,100,2013,5.9,screenplay,6.689,906,27437881
tt0402158,Empire of the Wolves, Laura Morante,Action,France,French,Sony Pictures Entertainment,R,128,2005,5.9,novel,9.586,118,11875866
tt0091777,Police Academy 3: Back in Training, Michael Winslow,Comedy,USA,English,Warner Bros.,PG,83,1986,5.3,characters ,31.623,490,43579163
tt1267297,Hercules, Rufus Sewell,Action,USA,English,Paramount Pictures,PG-13,98,2014,6,screenplay,17.588,2560,243400000
tt0067992,Willy Wonka & the Chocolate Factory, Roy Kinnear,Family,USA,English,Paramount Pictures,G,100,1971,7.8,screenplay,13.953,1583,4000000
tt0844471,Cloudy with a Chance of Meatballs, Andy Samberg,Animation,USA,English,Sony Pictures,PG,90,2009,7,screenplay,15.484,3218,242988466
tt2083231,Java Heat, Verdi Solaiman,Action,USA,English,IFC Films,R,104,2013,5.2,screenplay,2.93,44,1061
tt1692486,Carnage, John C. Reilly,Comedy,Poland,English,Sony Pictures Classics,R,80,2011,7.2,play,11.956,1447,27603069
tt0466856,ATL, Adam Boyer,Comedy,USA,English,Warner Bros.,PG-13,105,2006,6,screenplay,3.137,58,21170563
tt1411238,No Strings Attached, Cary Elwes,Comedy,USA,English,Paramount Pictures,R,108,2011,6.2,screenplay,15.344,2549,147780440
tt1568346,The Girl with the Dragon Tattoo, Stellan Skarsgård,Crime,Sweden,English,Sony Pictures,R,158,2011,7.8,screenplay,14.905,3901,232617430
tt1430132,The Wolverine, Hiroyuki Sanada,Action,Japan,Japanese,20th Century Fox,PG-13,126,2013,6.7,screenplay,4.242,6070,415440673
tt2304771,Mandela: Long Walk to Freedom, Riaad Moosa,Biography,South Africa,Afrikaans,The Weinstein Co.,PG-13,141,2013,7.1,screenplay,7.302,307,27330000
tt0052583,Ask Any Girl, Rod Taylor,Comedy,USA,English,MGM,TV-Y,98,1959,6.7,novel,0.6,3,3745000
tt0765443,Eastern Promises, Sarah-Jeanne Labrosse,Crime,UK,English,Focus Features,R,100,2007,7.7,screenplay,12.828,1529,56106607
tt0114095,Party Girl, Donna Mitchell,Comedy,USA,English,Sony Pictures Entertainment,R,94,1995,6.6,screenplay,1.457,18,472370
tt0313542,Runaway Jury, Rachel Weisz,Drama,USA,English,20th Century Fox ,PG-13,127,2003,7.1,novel,9.296,573,80154140
tt0111503,True Lies, Bill Paxton,Action,USA,English,20th Century Fox,R,141,1994,7.2,screenplay,18.89,1916,378882411
tt0423294,Surf's Up, Jon Heder,Animation,USA,English,Sony Pictures,PG,85,2007,6.7,screenplay,10.646,1199,149044513
tt0024216,King Kong, Frank Reicher,Adventure,USA,English,RKO Pictures,NOT RATED,100,1933,7.9,screenplay,11.923,619,10000000
tt0838232,The Pink Panther 2, Andy Garcia,Adventure,Italy,Italian,Sony Pictures,PG,92,2009,5.6,screenplay,24.827,561,75871032
tt0087843,Once Upon a Time in America, Treat Williams,Crime,Italy,Italian,Warner Bros.,R,229,1984,8.4,novel,14.68,2182,5300000
tt0101746,The Doctor, Mandy Patinkin,Drama,USA,English,Touchstone Pictures,PG-13,122,1991,6.9,book,2.007,34,38120905
tt0252501,Hearts in Atlantis, Mika Boorem,Drama,USA,English,Warner Bros.,PG-13,101,2001,6.9,book,19.831,213,24185781
tt0079576,More American Graffiti, Paul Le Mat,Comedy,USA,English,MCA Universal Home Video,PG,110,1979,5.2,characters,3.848,39,15014674
tt3040964,The Jungle Book, Idris Elba,Adventure,UK,English,Walt Disney Pictures,PG,106,2016,7.5,screenplay,19.243,5168,966550600
tt0493405,CHIPS, Rosa Salazar,Action,Spain,Spanish,Warner Bros.,R,100,2017,6,series,13.418,650,26800152
tt1748227,The Collection, Lee Tergesen,Horror,USA,English,LD Entertainment,R,82,2012,6.1,characters,10.284,454,6842058
tt0822854,Shooter, Kate Mara,Action,USA,English,Paramount Pictures,R,124,2007,7.2,screenplay,17.164,2287,95696996